{
	"IcoMoonType": "selection",
	"icons": [
		{
			"icon": {
				"paths": [
					"M950.857 859.429v-438.857q-18.286 20.571-39.429 37.714-153.143 117.714-243.429 193.143-29.143 24.571-47.429 38.286t-49.429 27.714-58.571 14h-1.143q-27.429 0-58.571-14t-49.429-27.714-47.429-38.286q-90.286-75.429-243.429-193.143-21.143-17.143-39.429-37.714v438.857q0 7.429 5.429 12.857t12.857 5.429h841.143q7.429 0 12.857-5.429t5.429-12.857zM950.857 258.857v-14t-0.286-7.429-1.714-7.143-3.143-5.143-5.143-4.286-8-1.429h-841.143q-7.429 0-12.857 5.429t-5.429 12.857q0 96 84 162.286 110.286 86.857 229.143 181.143 3.429 2.857 20 16.857t26.286 21.429 25.429 18 28.857 15.714 24.571 5.143h1.143q11.429 0 24.571-5.143t28.857-15.714 25.429-18 26.286-21.429 20-16.857q118.857-94.286 229.143-181.143 30.857-24.571 57.429-66t26.571-75.143zM1024 237.714v621.714q0 37.714-26.857 64.571t-64.571 26.857h-841.143q-37.714 0-64.571-26.857t-26.857-64.571v-621.714q0-37.714 26.857-64.571t64.571-26.857h841.143q37.714 0 64.571 26.857t26.857 64.571z"
				],
				"width": 1024.0009956359863,
				"attrs": [],
				"isMulticolor": false,
				"tags": [
					"envelope-o"
				],
				"defaultCode": 61443,
				"grid": 14
			},
			"attrs": [],
			"properties": {
				"id": 3,
				"order": 4,
				"name": "mail",
				"prevSize": 28,
				"code": 61443
			},
			"setIdx": 0,
			"setId": 1,
			"iconIdx": 3
		},
		{
			"icon": {
				"paths": [
					"M804.571 708.571q0 15.429-5.714 40.286t-12 39.143q-12 28.571-69.714 60.571-53.714 29.143-106.286 29.143-15.429 0-30-2t-32.857-7.143-27.143-8.286-31.714-11.714-28-10.286q-56-20-100-47.429-73.143-45.143-151.143-123.143t-123.143-151.143q-27.429-44-47.429-100-1.714-5.143-10.286-28t-11.714-31.714-8.286-27.143-7.143-32.857-2-30q0-52.571 29.143-106.286 32-57.714 60.571-69.714 14.286-6.286 39.143-12t40.286-5.714q8 0 12 1.714 10.286 3.429 30.286 43.429 6.286 10.857 17.143 30.857t20 36.286 17.714 30.571q1.714 2.286 10 14.286t12.286 20.286 4 16.286q0 11.429-16.286 28.571t-35.429 31.429-35.429 30.286-16.286 26.286q0 5.143 2.857 12.857t4.857 11.714 8 13.714 6.571 10.857q43.429 78.286 99.429 134.286t134.286 99.429q1.143 0.571 10.857 6.571t13.714 8 11.714 4.857 12.857 2.857q10.286 0 26.286-16.286t30.286-35.429 31.429-35.429 28.571-16.286q8 0 16.286 4t20.286 12.286 14.286 10q14.286 8.571 30.571 17.714t36.286 20 30.857 17.143q40 20 43.429 30.286 1.714 4 1.714 12z"
				],
				"width": 804.5699625015259,
				"attrs": [],
				"isMulticolor": false,
				"tags": [
					"phone"
				],
				"defaultCode": 61589,
				"grid": 14
			},
			"attrs": [],
			"properties": {
				"id": 140,
				"order": 5,
				"name": "phone",
				"prevSize": 28,
				"code": 61589
			},
			"setIdx": 0,
			"setId": 1,
			"iconIdx": 140
		},
		{
			"icon": {
				"paths": [
					"M925.714 233.143q-38.286 56-92.571 95.429 0.571 8 0.571 24 0 74.286-21.714 148.286t-66 142-105.429 120.286-147.429 83.429-184.571 31.143q-154.857 0-283.429-82.857 20 2.286 44.571 2.286 128.571 0 229.143-78.857-60-1.143-107.429-36.857t-65.143-91.143q18.857 2.857 34.857 2.857 24.571 0 48.571-6.286-64-13.143-106-63.714t-42-117.429v-2.286q38.857 21.714 83.429 23.429-37.714-25.143-60-65.714t-22.286-88q0-50.286 25.143-93.143 69.143 85.143 168.286 136.286t212.286 56.857q-4.571-21.714-4.571-42.286 0-76.571 54-130.571t130.571-54q80 0 134.857 58.286 62.286-12 117.143-44.571-21.143 65.714-81.143 101.714 53.143-5.714 106.286-28.571z"
				],
				"width": 950.8560180664062,
				"attrs": [],
				"isMulticolor": false,
				"tags": [
					"twitter"
				],
				"defaultCode": 61593,
				"grid": 14
			},
			"attrs": [],
			"properties": {
				"id": 144,
				"order": 3,
				"name": "twitter",
				"prevSize": 28,
				"code": 61593
			},
			"setIdx": 0,
			"setId": 1,
			"iconIdx": 144
		},
		{
			"icon": {
				"paths": [
					"M548 6.857v150.857h-89.714q-49.143 0-66.286 20.571t-17.143 61.714v108h167.429l-22.286 169.143h-145.143v433.714h-174.857v-433.714h-145.714v-169.143h145.714v-124.571q0-106.286 59.429-164.857t158.286-58.571q84 0 130.286 6.857z"
				],
				"width": 602.2870178222656,
				"attrs": [],
				"isMulticolor": false,
				"tags": [
					"facebook",
					"facebook-f"
				],
				"defaultCode": 61594,
				"grid": 14
			},
			"attrs": [],
			"properties": {
				"id": 145,
				"order": 1,
				"name": "facebook",
				"prevSize": 28,
				"code": 61594
			},
			"setIdx": 0,
			"setId": 1,
			"iconIdx": 145
		},
		{
			"icon": {
				"paths": [
					"M877.714 768v73.143q0 14.857-10.857 25.714t-25.714 10.857h-804.571q-14.857 0-25.714-10.857t-10.857-25.714v-73.143q0-14.857 10.857-25.714t25.714-10.857h804.571q14.857 0 25.714 10.857t10.857 25.714zM877.714 475.429v73.143q0 14.857-10.857 25.714t-25.714 10.857h-804.571q-14.857 0-25.714-10.857t-10.857-25.714v-73.143q0-14.857 10.857-25.714t25.714-10.857h804.571q14.857 0 25.714 10.857t10.857 25.714zM877.714 182.857v73.143q0 14.857-10.857 25.714t-25.714 10.857h-804.571q-14.857 0-25.714-10.857t-10.857-25.714v-73.143q0-14.857 10.857-25.714t25.714-10.857h804.571q14.857 0 25.714 10.857t10.857 25.714z"
				],
				"width": 877.7150535583496,
				"attrs": [],
				"isMulticolor": false,
				"tags": [
					"bars",
					"navicon",
					"reorder"
				],
				"defaultCode": 61641,
				"grid": 14
			},
			"attrs": [],
			"properties": {
				"id": 177,
				"order": 2,
				"name": "menu",
				"prevSize": 28,
				"code": 61641
			},
			"setIdx": 0,
			"setId": 1,
			"iconIdx": 177
		}
	],
	"height": 1024,
	"metadata": {
		"name": "icomoon"
	},
	"preferences": {
		"showGlyphs": true,
		"showQuickUse": true,
		"showQuickUse2": true,
		"showSVGs": true,
		"fontPref": {
			"prefix": "icon-",
			"metadata": {
				"fontFamily": "icomoon"
			},
			"metrics": {
				"emSize": 1024,
				"baseline": 6.25,
				"whitespace": 50
			},
			"embed": false
		},
		"imagePref": {
			"prefix": "icon-",
			"png": true,
			"useClassSelector": true,
			"color": 0,
			"bgColor": 16777215,
			"classSelector": ".icon"
		},
		"historySize": 100,
		"showCodes": true,
		"gridSize": 16
	}
}